{
  "requirements": [
    {
      "description": "1 - Crie uma listagem de produtos",
      "bonus": false,
      "skill_ids": [
        "f7861af0-d7b1-45de-975e-2c77c00d0f36",
        "395a05f7-bbd7-4349-bec7-d2ace1be64ff",
        "33aa6759-c82b-4d20-9074-aec99141a695",
        "8d66c405-9e66-4f65-9355-0e66a7f8ee3a",
        "dc945b9f-2656-4da5-a0f0-e365efbbbc93",
        "c9fdc424-f57c-4e3a-84c8-1b835157e52e",
        "e39d7fe5-6bd2-4638-811e-331feb644c37",
        "add38a82-37b6-4932-9e82-9cc78616caee",
        "15703068-8404-4ddd-ad82-388b249cbf3d",
        "1fda945a-b901-42dd-8697-ba74e12cbec0",
        "3188fe8a-e359-4666-8ad5-bf8bcb4d9a7b",
        "d88d2ea9-91fe-495f-abb4-ef84f386ba47",
        "d16cb1d1-2357-41d7-95d4-4cf3fcfed627",
        "912f38fa-c199-454a-9513-167110c6829e"
      ]
    },
    {
      "description": "2 - Adicione o produto ao carrinho de compras",
      "bonus": false,
      "skill_ids": [
        "f7861af0-d7b1-45de-975e-2c77c00d0f36",
        "395a05f7-bbd7-4349-bec7-d2ace1be64ff",
        "33aa6759-c82b-4d20-9074-aec99141a695",
        "8d66c405-9e66-4f65-9355-0e66a7f8ee3a",
        "dc945b9f-2656-4da5-a0f0-e365efbbbc93",
        "c9fdc424-f57c-4e3a-84c8-1b835157e52e",
        "e39d7fe5-6bd2-4638-811e-331feb644c37",
        "add38a82-37b6-4932-9e82-9cc78616caee",
        "15703068-8404-4ddd-ad82-388b249cbf3d",
        "5497f4b7-ec08-4096-82f7-0dc3bd3f9f6f",
        "135bf685-05f2-44df-9376-5bbc7c61472e",
        "af62fce8-1899-44fc-bfc0-ab88b7c1f459",
        "586bcb94-0698-46d3-9eb4-3f98692b5131",
        "b036e9e4-b6fa-44fb-ae82-a30f8ce4fd00",
        "1fda945a-b901-42dd-8697-ba74e12cbec0",
        "3188fe8a-e359-4666-8ad5-bf8bcb4d9a7b",
        "58b4a2db-3848-485b-8ff7-a314369a2b20",
        "95e4ebe9-2181-47be-b602-6255b7270670",
        "e5755aa9-89b9-475c-94f5-b557f5829e59"
      ]
    },
    {
      "description": "3 - Remova o item do carrinho de compras ao clicar nele",
      "bonus": false,
      "skill_ids": [
        "5497f4b7-ec08-4096-82f7-0dc3bd3f9f6f",
        "135bf685-05f2-44df-9376-5bbc7c61472e",
        "af62fce8-1899-44fc-bfc0-ab88b7c1f459",
        "586bcb94-0698-46d3-9eb4-3f98692b5131",
        "b036e9e4-b6fa-44fb-ae82-a30f8ce4fd00"
      ]
    },
    {
      "description": "4 - Carregue o carrinho de compras através do **LocalStorage** ao iniciar a página",
      "bonus": false,
      "skill_ids": [
        "c9c59370-1e4b-4b1b-8a8d-20da7b7a046a",
        "7ff2c260-89c2-4802-9797-ec1b0645d93e",
        "58b4a2db-3848-485b-8ff7-a314369a2b20",
        "95e4ebe9-2181-47be-b602-6255b7270670",
        "e5755aa9-89b9-475c-94f5-b557f5829e59"
      ]
    },
    {
      "description": "5 - Some o valor total dos itens do carrinho de compras de forma assíncrona",
      "bonus": false,
      "skill_ids": [
        "af62fce8-1899-44fc-bfc0-ab88b7c1f459",
        "95e4ebe9-2181-47be-b602-6255b7270670",
        "e5755aa9-89b9-475c-94f5-b557f5829e59"
      ]
    },
    {
      "description": "6 - Crie um botão para limpar carrinho de compras",
      "bonus": false,
      "skill_ids": [
        "5497f4b7-ec08-4096-82f7-0dc3bd3f9f6f",
        "135bf685-05f2-44df-9376-5bbc7c61472e",
        "af62fce8-1899-44fc-bfc0-ab88b7c1f459"
      ]
    },
    {
      "description": "7 - Adicione um texto de `carregando` durante uma requisição à API",
      "bonus": false,
      "skill_ids":[
        "c9fdc424-f57c-4e3a-84c8-1b835157e52e",
        "e39d7fe5-6bd2-4638-811e-331feb644c37",
        "1fda945a-b901-42dd-8697-ba74e12cbec0",
        "3188fe8a-e359-4666-8ad5-bf8bcb4d9a7b"
      ]
    },
    {
      "description": "8 - Desenvolva testes para atingir 25% de cobertura total e 100% da função fetchProducts",
      "bonus": false
    },
    {
      "description": "9 - Desenvolva testes para atingir 50% de cobertura total e 100% da função fetchItem",
      "bonus": false
    },
    {
      "description": "10 - Desenvolva testes para atingir 75% de cobertura total e 100% da função saveCartItems",
      "bonus": false
    },
    {
      "description": "11 - Desenvolva testes para atingir 100% de cobertura total e 100% da função getSavedCartItems",
      "bonus": false
    }
  ]
}
